,playlist,title,date,views,likes,dislikes,favs,comments,duration
0,[КОМП В МЕШКЕ],КОМП В МЕШКЕ / КОМПЬЮТЕР ИЗ ДНС ТАЩИТ - 50/50!,2020-11-19 15:36:42,761980,53379,1675,0,6138,2090
1,[КОМП В МЕШКЕ],"КОМП В МЕШКЕ / КУПИЛ СУПЕР ""ИГРОВОЙ"" ПК В МВИДЕО!",2020-08-23 16:25:29,1710315,118643,4505,0,12797,2129
2,[КОМП В МЕШКЕ],КОМП В МЕШКЕ / КАК Я КУПИЛ ИГРОВОЙ ПК DEXP В ДНС!,2020-06-26 14:00:16,2044531,122646,4998,0,33023,2138
3,[КОЛХОЗ],КОЛХОЗ / ВИДЕОКАРТА С КУЛЕРОМ И ВЕРТУШКАМИ ОТ КОРПУСА!,2019-09-14 16:28:58,207265,18837,531,0,2067,789
4,[КОЛХОЗ],КОЛХОЗ / ВНЕШНЯЯ ВИДЕОКАРТА В НОУТБУКЕ ИЗ ОБЫЧНОГО ПК!,2019-12-05 15:58:49,1011378,41889,1947,0,1743,885
5,[КОЛХОЗ],КОЛХОЗ / ИГРОВОЙ ПК БЕЗ ОХЛАЖДЕНИЯ - РЕАЛЬНО?,2020-06-06 13:19:12,235029,23821,627,0,1968,832
6,[КОЛХОЗ],"КОЛХОЗ / ПК ВНУТРИ ТЕЛЕВИЗОРА, МОНОБЛОК СВОИМИ РУКАМИ!",2020-09-10 14:51:22,233112,18095,966,0,1873,1045
7,[ОБРАЗОВАЧ],ОБРАЗОВАЧ / КАК РАЗОГНАТЬ ПРОЦЕССОР INTEL И AMD!,2021-03-06 13:38:01,102802,9013,221,0,1433,2282
8,[ОБРАЗОВАЧ],"ОБРАЗОВАЧ / ЛАГАЕТ ПК? АПГРЕЙД КОМПЬЮТЕРА ОТ ""А"" ДО ""Я""",2020-12-09 15:53:40,149884,13191,423,0,1921,1388
9,[ОБРАЗОВАЧ],ОБРАЗОВАЧ / КАК СОБРАТЬ КАСТОМНОЕ СВО (СЖО) В ПК?,2020-10-30 17:04:47,196143,9287,242,0,809,1450
10,[ОБРАЗОВАЧ],"ОБРАЗОВАЧ / РЕМОНТ НОУТБУКА САМОМУ, СТОП ДОМУШНИКАМ!",2020-08-19 14:56:07,109738,11679,289,0,1150,1165
11,[ОБРАЗОВАЧ],ОБРАЗОВАЧ / ГРЕЕТСЯ КОМПЬЮТЕР? ВСЁ ПРО ВОЗДУШНЫЕ ПОТОКИ!,2020-07-31 16:02:19,213381,17005,470,0,1878,1084
12,[ОБРАЗОВАЧ],ОБРАЗОВАЧ / КАК ВЫБРАТЬ ЛУЧШИЙ НОУТБУК ДЛЯ РАБОТЫ И ИГР?,2020-07-08 14:39:33,510811,26584,1022,0,2833,1662
13,[ОБРАЗОВАЧ],"ОБРАЗОВАЧ / ВСЯ ПРАВДА ПРО МОНИТОРЫ 60, 144 И 240 ГЦ!",2020-06-22 16:52:56,602564,38254,1563,0,3707,1005
14,[ОБРАЗОВАЧ],ОБРАЗОВАЧ / СВОЙ NAS СЕРВЕР И ВСЕ ПРО RAID МАССИВЫ!,2020-05-01 17:04:04,146707,10635,361,0,967,912
15,[ОБРАЗОВАЧ],ОБРАЗОВАЧ / ВЫБОР ТОП КЛАВИАТУРЫ ДЛЯ ИГР И РАБОТЫ!,2020-04-27 16:38:59,378864,20901,875,0,1725,1234
16,[ОБРАЗОВАЧ],ОБРАЗОВАЧ / КАК ВЫБРАТЬ ЛУЧШУЮ ИГРОВУЮ МЫШКУ?,2020-04-18 15:57:13,231412,14418,779,0,2187,959
17,[ОБРАЗОВАЧ],ОБРАЗОВАЧ / HEDT - САМЫЕ МОЩНЫЕ ПРОЦЕССОРЫ В МИРЕ!,2020-03-16 17:24:40,156322,9118,441,0,980,2385
18,[ОБРАЗОВАЧ],"ОБРАЗОВАЧ / ВЫБОР ИГРОВОЙ ВИДЕОКАРТЫ ДЛЯ ПК, AMD ИЛИ NVIDIA",2019-12-13 15:19:47,441813,26181,741,0,1591,1434
19,[ОБРАЗОВАЧ],"ОБРАЗОВАЧ / КАК УВЕЛИЧИТЬ ФПС В ИГРАХ, ОПТИМИЗАЦИЯ ПК",2019-11-21 17:29:26,711091,51719,1496,0,3958,1272
20,[ОБРАЗОВАЧ],ОБРАЗОВАЧ / ВЫБОР МОНИТОРА ДЛЯ ИГР И КАК НЕ КУПИТЬ ШЛАК!,2019-10-14 15:30:54,750774,45105,1469,0,3701,1498
21,[ОБРАЗОВАЧ],ОБРАЗОВАЧ / ВЫБОР МАТЕРИНСКОЙ ПЛАТЫ И ЕЕ ЧИПСЕТА,2019-07-19 16:52:53,617822,37086,978,0,2850,1124
22,[ПК НА ПРОКАЧКУ],ПК НА ПРОКАЧКУ / ТОП ПК ДЛЯ УЧИТЕЛЯ ШКОЛЫ!,2019-06-13 12:15:00,197927,23175,534,0,2390,2833
23,[ПК НА ПРОКАЧКУ],ПК НА ПРОКАЧКУ / ДВУХМЕТРОВЫЙ ОЛЕГ И ИГРОВОЙ ПК,2018-12-17 18:27:41,332929,43747,681,0,5165,2177
24,[ПК НА ПРОКАЧКУ],ПК НА ПРОКАЧКУ / КОМНАТА ГЕЙМЕРА ЗА 100000 РУБЛЕЙ!,2018-06-09 16:32:57,304645,17349,765,0,1570,1663
25,[СЕРВИС ПО-РУССКИ],СЕРВИС ПО-РУССКИ / САМО ПОЧИНИЛОСЬ - НО ТЫ ПЛАТИ,2018-02-21 20:03:19,895947,36616,1111,0,2674,1349
26,[ЗАКУП ПЕРИФЕРИИ],ПЕРИФЕРИЯ ДЛЯ ПК НА 15000! / ПОЛНЫЙ ЗАКУП ОТ GAMDIAS,2018-06-20 14:38:17,94483,5264,713,0,634,652
27,[ЗАКУП ПЕРИФЕРИИ],ЗАКУП ТОП ПЕРИФЕРИИ / ОБЗОР ДЕВАЙСОВ ОТ HYPERX!,2018-02-18 16:44:19,118612,4328,781,0,776,976
28,[ЗАКУП ПЕРИФЕРИИ],"ПОЛНЫЙ ЗАКУП ОТ GAMDIAS / МЫШЬ, КЛАВИАТУРА И ГАРНИТУРА",2017-12-14 15:33:07,68206,4086,408,0,484,682
29,[ЗАКУП ПЕРИФЕРИИ],"БЮДЖЕТНЫЙ ЗАКУП!  / ИГРОВАЯ МЫШЬ, КЛАВИАТУРА И КОВРИК",2017-06-14 16:45:49,120502,4144,886,0,801,732
30,[ЗАКУП ПЕРИФЕРИИ],ТОП ЗАКУП НА 30000 РУБЛЕЙ! / ПЕРИФЕРИЯ ДЛЯ ПК ОТ CORSAIR,2017-05-25 13:59:47,135662,3948,984,0,439,746
31,[ЗАКУП ПЕРИФЕРИИ],ЗАКУП К НОВОМУ ГОДУ / РАЗЛИЧНЫЕ ДЕВАЙСЫ ОТ RED SQUARE,2016-12-30 16:18:11,187937,5096,780,0,747,623
32,[МАСКИ ШОУ],МАСКИ ШОУ / ИСПОВЕДЬ ДОМУШНИКА И РЕМОНТ ПК ЗА 20К,2018-02-08 18:35:29,242126,11787,1330,0,1579,1581
33,[ДОМУШНИКИ],ДОМУШНИКИ / СОВЕСТЬ ИЛИ ДЕНЬГИ!,2021-03-04 14:45:34,236328,20875,998,0,3739,2519
34,[ДОМУШНИКИ],"ДОМУШНИКИ / У МАСТЕРА ВСЁ ШЛО ПО ПЛАНУ, НО НЕ ПО ЕГО!",2020-12-31 11:46:38,573537,53817,2014,0,6037,1933
35,[ДОМУШНИКИ],ДОМУШНИКИ / НАСТРОЙКА РОУТЕРА ЗА 24000 РУБЛЕЙ!,2020-12-15 16:27:07,558588,41741,880,0,3552,965
36,[ДОМУШНИКИ],ДОМУШНИКИ / РЕМОНТ ПК ЗА 500К РУБЛЕЙ!,2020-11-29 13:01:59,1215181,88268,2590,0,8163,1528
37,[ДОМУШНИКИ],ДОМУШНИКИ / РЕМОНТ ПК И УТИЛИЗАЦИЯ БАННЕРА!,2020-07-27 15:58:24,548004,46777,737,0,4873,1294
38,[ДОМУШНИКИ],ДОМУШНИКИ / У ВАС ПЫЛЬ В ПК - С ВАС 20К!,2020-05-13 15:03:32,927362,70304,1118,0,6163,1258
39,[ДОМУШНИКИ],"ДОМУШНИКИ / НЕТ ИНТЕРНЕТА - ЗВОНИ СЮДА, С ТЕБЯ 5К!",2020-02-21 14:17:37,713113,50175,1223,0,4444,1093
40,[ДОМУШНИКИ],ДОМУШНИКИ / ПЫЛЬНЫЙ ПК? ЗНАЧИТ ВИРУСЫ ЕСТЬ!,2020-02-08 18:01:50,904796,51243,1788,0,4906,1151
41,[ДОМУШНИКИ],ДОМУШНИКИ / ОБМАН ПРИ СБОРКЕ ИГРОВОГО ПК ЗА 5000$!,2019-11-14 16:58:52,1173164,59561,3106,0,6946,1651
42,[ДОМУШНИКИ],ДОМУШНИКИ / ПРОДАВАН И ЕГО АПГРЕЙД ПК ЗА 35К!,2019-09-19 14:58:15,963782,45772,1054,0,5094,941
43,[ДОМУШНИКИ],ДОМУШНИКИ / Я ВАМ НЕ ГРЯЗНЫЙ ПК МАСТЕР!,2019-08-27 14:32:45,1661233,78035,2236,0,9757,1992
44,[ДОМУШНИКИ],ДОМУШНИКИ / РЕМОНТ ПК ЗА 20К И ОБУЧЕНИЕ ЮЗЕРА!,2019-06-25 16:35:16,795330,46103,2172,0,19951,1141
45,[ДОМУШНИКИ],"ДОМУШНИКИ / У ПК ПРОЦЕССОР ПОТЕК, ВИДИТЕ?",2019-04-15 18:07:22,1934688,96335,3786,0,11018,1342
46,[ДОМУШНИКИ],ДОМУШНИКИ / РЕМОНТ ИГРОВОГО ПК СИЛОЙ МЫСЛИ!,2019-01-14 18:36:31,1579937,71928,2833,0,9116,1429
47,[ДОМУШНИКИ],ДОМУШНИКИ / РЕМОНТ ИГРОВОГО ПК ДЛЯ БАБУШКИ!,2018-11-23 17:03:22,1659942,77914,1895,0,7853,933
48,[ДОМУШНИКИ],"ДОМУШНИКИ / НОУТБУК, СБОРКА И ДВА КОМП. МАСТЕРА!",2018-09-20 15:22:45,1087678,48206,1481,0,10230,1480
49,[ДОМУШНИКИ],"ДОМУШНИКИ / ""ТОП"" СБОРКА ПК ЗА 30000 ОТ ЧАЙНИКА",2018-06-25 20:18:33,973456,35785,1331,0,4733,1236
50,[ДОМУШНИКИ],ДОМУШНИКИ / ГРЕЕТСЯ ПК - ДОБАВЬ ОПЕРАТИВКИ,2018-02-19 15:58:51,1664673,63950,2191,0,7799,984
51,[ДОМУШНИКИ],ДОМУШНИКИ / WINDOWS XP И РЕМОНТ ПК ЗА 10000 РУБЛЕЙ!,2017-12-21 15:33:23,1144410,39499,2536,0,4882,1645
52,[ДОМУШНИКИ],ДОМУШНИКИ / GTX 1070 ЗА 500 РУБЛЕЙ И РЕМОНТ ПК ЗА 85К,2017-11-08 18:38:22,2085821,76579,2746,0,12765,1781
53,[ДОМУШНИКИ],ДОМУШНИКИ / СМАЗКА ДЛЯ ПК И ЕГО РЕМОНТ ЗА 100000!,2017-09-24 12:56:28,1411646,53375,2038,0,5672,1242
54,[ДОМУШНИКИ],ДОМУШНИКИ / ПЕРЕГРЕВ ПК И МАСТЕР ПОД ЧЕМ-ТО,2017-08-09 15:00:35,1607936,65832,2135,0,7642,1264
55,[ДОМУШНИКИ],ДОМУШНИКИ / МОШЕННИК И ЕГО АНТИВИРУС В ИГРОВОМ ПК,2017-06-13 15:58:44,1729963,58610,2176,0,7987,1098
56,[ДОМУШНИКИ],ДОМУШНИКИ / СБОРКА ИГРОВОГО ПК И РАЗВОД НА 180К!,2017-05-10 16:17:38,3063717,95418,3913,0,9902,1602
57,[ДОМУШНИКИ],ДОМУШНИКИ / НАГЛЫЙ РАЗВОД НА 65000 РУБЛЕЙ ПРИ РЕМОНТЕ ПК,2017-04-21 12:44:53,4001698,133399,6414,0,20034,1326
58,[ДОМУШНИКИ],ДОМУШНИКИ / РЕМОНТ ПК ЗА 15000 И РАЗВОД НА ДЕНЬГИ,2017-03-14 16:00:20,2359567,91459,5303,0,10495,1375
59,[СБОРКА ИГРОВОГО ПК],СБОРКА ПК ЗА 200К РУБЛЕЙ! / ТОП СБОРКА ДЛЯ 4К ГЕЙМИНГА!,2020-12-18 16:12:00,160173,11098,732,0,2122,1350
60,[СБОРКА ИГРОВОГО ПК],СБОРКА ПК ЗА 30000 РУБЛЕЙ! / АНТИКРИЗИСНЫЙ МОНСТР :),2020-11-10 16:33:07,466583,34130,1082,0,3801,1447
61,[СБОРКА ИГРОВОГО ПК],"СБОРКА ПК ЗА 70000 РУБЛЕЙ! / НЕ ПОКУПАЙТЕ ВИДЮХУ, ЖДИТЕ RTX 3070 :)",2020-08-31 15:51:21,333149,17934,605,0,2315,18
62,[СБОРКА ИГРОВОГО ПК],"СБОРКА ПК ЗА 50000 РУБЛЕЙ! / AMD VS INTEL, КТО ЛУЧШЕ?",2020-08-12 15:43:31,641157,40095,976,0,5663,1531
63,[СБОРКА ИГРОВОГО ПК],СБОРКА ПК ЗА 40000 РУБЛЕЙ! / AMD + NVIDIA = МНОГО ФПС :),2020-05-29 14:02:19,663036,39045,997,0,4091,1172
64,[СБОРКА ИГРОВОГО ПК],СБОРКА ПК ЗА 20000 РУБЛЕЙ! / АНТИКРИЗИСНЫЙ МОНСТР :),2020-05-27 12:04:16,690675,48501,1611,0,4383,1512
65,[СБОРКА ИГРОВОГО ПК],СБОРКА ПК ЗА 70000 РУБЛЕЙ! / ТОП КОМПЬЮТЕР НА AMD!,2020-03-27 13:57:14,401044,21554,909,0,2321,1097
66,[СБОРКА ИГРОВОГО ПК],СБОРКА ПК ЗА 30000 С АВИТО! / ИГРОВОЙ КОМП НА 2020 ГОД,2019-12-21 16:52:33,366998,21941,620,0,2123,1139
67,[СБОРКА ИГРОВОГО ПК],СБОРКА ПК ЗА 100К! / ИГРОВОЙ КОМП НА INTEL И NVIDIA!,2019-12-08 16:44:58,413262,28817,830,0,3769,1156
68,[СБОРКА ИГРОВОГО ПК],СБОРКА ПК ЗА 30000 РУБЛЕЙ! / INTEL + NVIDIA VS AMD!,2019-10-21 14:21:55,738342,39562,1201,0,4824,1090
69,[СБОРКА ИГРОВОГО ПК],ТОП 10 ОШИБОК ПРИ СБОРКЕ ПК / КАК СОБРАТЬ С УМОМ?,2019-06-18 16:30:27,677879,35249,1699,0,2866,994
70,[СБОРКА ИГРОВОГО ПК],СБОРКА ПК ЗА 50000 РУБЛЕЙ! / INTEL И NVIDIA ВСЕ ЕЩЕ ТОП?,2019-05-28 17:39:00,573893,27944,1163,0,5050,1150
71,[СБОРКА ИГРОВОГО ПК],ЧУДОВИЩЕ ФРАНКЕНШТЕЙНА / СБОРКА ТОП ПК ДЛЯ ВАС!,2019-05-17 16:13:10,176065,13385,975,0,1475,591
72,[СБОРКА ИГРОВОГО ПК],СБОРКА ТОП ПК ЗА 100К РУБЛЕЙ! / КОМП НА INTEL + NVIDIA,2019-03-30 15:56:49,328399,17484,847,0,2415,1011
73,[СБОРКА ИГРОВОГО ПК],СБОРКА ПК ЗА 20000! / ИГРОВОЙ КОМП С АЛИ И АВИТО!,2019-03-19 13:55:15,594771,35007,1018,0,4156,1271
74,[СБОРКА ИГРОВОГО ПК],СБОРКА ПК ЗА 30000 РУБЛЕЙ! / ВСЕ ИГРЫ НА УЛЬТРАХ?,2019-03-06 13:31:27,959668,43900,1646,0,5442,825
75,[СБОРКА ИГРОВОГО ПК],СБОРКА ПК ЗА 500К РУБЛЕЙ! / ТОП ИГРОВОЙ КОМП В 1000D,2018-12-26 19:06:20,998062,44321,2651,0,4193,1627
76,[СБОРКА ИГРОВОГО ПК],ПК ЗА 40000 РУБЛЕЙ / МОЯ ПОСЛЕДНЯЯ СБОРКА В 2018!,2018-08-20 17:21:48,505247,21359,894,0,2907,839
77,[СБОРКА ИГРОВОГО ПК],INTEL VS AMD В СБОРКАХ ЗА 30К / i3 8100 ИЛИ R3 2200G?,2018-08-03 17:31:04,174363,11146,510,0,3939,13
78,[СБОРКА ИГРОВОГО ПК],ТОП 10 ОШИБОК ПРИ СБОРКЕ ПК / КОМПЬЮТЕР КАК ЛЕГО,2018-07-30 18:32:10,1062860,48615,2251,0,4041,841
79,[СБОРКА ИГРОВОГО ПК],ПК ЗА 30000 НА INTEL И AMD / ДВЕ СБОРКИ И ИХ VERSUS,2018-07-27 16:55:46,806559,43837,2753,0,30335,1087
80,[СБОРКА ИГРОВОГО ПК],СОБРАТЬ ИГРОВОЙ ПК ЗА 10К?! / НАРОДНЫЙ КОМП ЗА 10000 РУБЛЕЙ!,2018-07-10 13:57:36,721433,25334,1183,0,3062,1081
81,[СБОРКА ИГРОВОГО ПК],СОБРАЛ КОМПЬЮТЕР ЗА 90К ЧЕРЕЗ Ж... / ГОРЕ СБОРЩИКИ ПК!,2018-05-22 16:42:51,585840,23562,1774,0,3149,834
82,[СБОРКА ИГРОВОГО ПК],ИГРОВОЙ ПК ЗА 50000 РУБЛЕЙ! / СБОРКА НА INTEL И NVIDIA,2018-05-14 14:01:29,534056,37765,969,0,3824,903
83,[СБОРКА ИГРОВОГО ПК],СБОРКА ПК ЗА 30000 РУБЛЕЙ! / ТОП БЮДЖЕТНЫЙ КОМПЬЮТЕР,2018-02-22 18:00:57,851907,34926,1277,0,4276,847
84,[СБОРКА ИГРОВОГО ПК],ПК ЗА 300К НЕ ВКЛЮЧАЕТСЯ! / СОБРАТЬ ПК ЭТО ЛЕГКО?,2017-12-29 13:45:07,284154,13448,1025,0,1293,642
85,[СБОРКА ИГРОВОГО ПК],"КАК СОБРАТЬ КОМПЬЮТЕР? / СБОРКА ИГРОВОГО ПК ОТ ""А"" ДО ""Я""",2017-12-19 14:25:45,1864805,108870,4919,0,3567,1281
86,[СБОРКА ИГРОВОГО ПК],СБОРКА ПК ЗА 150000 РУБЛЕЙ! / ТОП ПК ДЛЯ ИГР В 2017 ГОДУ,2017-09-11 17:44:39,251276,10136,702,0,1179,878
87,[СБОРКА ИГРОВОГО ПК],КАК НЕ СОБРАТЬ УНЫЛОЕ ГОВНО? / ПРАВИЛЬНАЯ СБОРКА ПК,2016-12-28 13:49:44,527029,14594,3296,0,2801,642
88,[СБОРКА ИГРОВОГО ПК],СБОРКА ИГРОВОГО ПК ЗА 100000 РУБЛЕЙ / МОЙ НОВЫЙ ПК!,2016-11-10 11:53:09,543515,14038,1332,0,1835,908
89,[СБОРКА ИГРОВОГО ПК],СБОРКА ИГРОВОГО ПК ЗА 50000 РУБЛЕЙ / ВСЕ НА АМД,2016-10-28 17:54:52,269258,5960,938,0,881,784
90,[СБОРКА ИГРОВОГО ПК],СБОРКА ИГРОВОГО ПК ЗА 30000 РУБЛЕЙ / ОБМАНУЛИ ПРИ СБОРКЕ,2016-09-21 04:11:36,719623,22063,1757,0,2290,768
91,[РАЗРУШИТЕЛЬ МИФОВ],РАЗРУШИТЕЛЬ МИФОВ / ТОП 10 МИФОВ О ПРОЦЕССОРАХ AMD И INTEL!,2021-02-14 13:58:04,209044,19868,604,0,1823,1191
92,[РАЗРУШИТЕЛЬ МИФОВ],РАЗРУШИТЕЛЬ МИФОВ / РАЗГОН ПРОЦЕССОРА И ОПЕРАТИВНОЙ ПАМЯТИ,2020-08-20 15:25:33,156371,13095,486,0,1311,612
93,[РАЗРУШИТЕЛЬ МИФОВ],РАЗРУШИТЕЛЬ МИФОВ / ГРЕЕТСЯ ИГРОВОЙ НОУТБУК? ЕМУ ХАНА!,2020-06-17 15:00:49,548746,33401,1543,0,3481,1485
94,[РАЗРУШИТЕЛЬ МИФОВ],РАЗРУШИТЕЛЬ МИФОВ / СКОЛЬКО НУЖНО ВИДЕОПАМЯТИ В ИГРОВОМ ПК?,2020-04-30 18:26:07,165491,13198,505,0,1271,603
95,[РАЗРУШИТЕЛЬ МИФОВ],"РАЗРУШИТЕЛЬ МИФОВ / SSD ДИСК НЕ НУЖЕН, ЕСЛИ ЕСТЬ HDD!",2019-09-24 18:03:00,233621,14056,552,0,1797,619
96,[РАЗРУШИТЕЛЬ МИФОВ],РАЗРУШИТЕЛЬ МИФОВ / ОПЕРАТИВНАЯ ПАМЯТЬ И ЕЕ РАЗГОН!,2019-02-20 14:56:44,398587,20132,1137,0,2487,864
97,[РАЗРУШИТЕЛЬ МИФОВ],РАЗРУШИТЕЛЬ МИФОВ / 4 ЯДРА У ПРОЦЕССОРА И ЕГО АПГРЕЙД,2019-01-25 17:46:43,371469,19569,1046,0,3342,941
98,[РАЗРУШИТЕЛЬ МИФОВ],РАЗРУШИТЕЛЬ МИФОВ / КОМПЬЮТЕР ПОРТИТ ЗРЕНИЕ!,2018-09-04 16:53:07,160751,11764,474,0,1796,603
99,[РАЗРУШИТЕЛЬ МИФОВ],РАЗРУШИТЕЛЬ МИФОВ / АПГРЕЙД ПК НАЧИНАЕТСЯ С ВИДЕОКАРТЫ?,2018-05-26 15:55:35,344217,15683,1073,0,2079,682
100,[РАЗРУШИТЕЛЬ МИФОВ],РАЗРУШИТЕЛЬ МИФОВ / РАСКРЫТИЕ ВИДЕОКАРТЫ ПРОЦЕССОРОМ В ПК!,2018-04-15 16:08:52,597047,25489,2764,0,3197,841
101,[РАЗРУШИТЕЛЬ МИФОВ],РАЗРУШИТЕЛЬ МИФОВ / ТЕРМОПАСТА И ПЕРЕГРЕВ ПК,2018-03-21 18:14:59,733905,35261,3135,0,4127,731
102,[РАЗРУШИТЕЛЬ МИФОВ],"РАЗРУШИТЕЛЬ МИФОВ / VGA, DVI, HDMI И РАЗРЕШЕНИЕ ЭКРАНА",2017-11-02 15:48:56,637052,30167,2419,0,2230,610
103,[РАЗРУШИТЕЛЬ МИФОВ],РАЗРУШИТЕЛЬ МИФОВ / ВОДЯНОЕ ОХЛАЖДЕНИЕ В БЮДЖЕТНОМ ПК,2017-10-22 07:53:25,473312,13963,1707,0,1382,723
104,[РАЗРУШИТЕЛЬ МИФОВ],РАЗРУШИТЕЛЬ МИФОВ / СКОЛЬКО ФПС ВИДИТ ГЛАЗ?,2017-07-30 18:25:48,482484,22847,2159,0,4019,613
105,[РАЗРУШИТЕЛЬ МИФОВ],РАЗРУШИТЕЛЬ МИФОВ / ЕСТЬ ВИДЕОКАРТА - ЗНАЧИТ ПК ИГРОВОЙ?,2017-06-22 17:21:50,108365,5083,425,0,971,507
106,[РАЗРУШИТЕЛЬ МИФОВ],РАЗРУШИТЕЛЬ МИФОВ / ПРАВИЛЬНАЯ СБОРКА ИГРОВОГО ПК И ЕГО АПГРЕЙД,2017-06-05 09:10:22,146600,6306,444,0,1180,555
107,[РАЗРУШИТЕЛЬ МИФОВ],РАЗРУШИТЕЛЬ МИФОВ / ЛАЙФХАК: КАК ПРАВИЛЬНО ПОЧИСТИТЬ ПК ОТ ПЫЛИ,2017-05-04 14:49:43,1180656,34576,4378,0,2683,792
108,[РАЗРУШИТЕЛЬ МИФОВ],РАЗРУШИТЕЛЬ МИФОВ / МАТЕРИНСКАЯ ПЛАТА ДЛЯ ИГР И ЕЕ ЧИПСЕТ,2017-04-30 14:57:01,528473,17979,1016,0,1619,786
109,[РАЗРУШИТЕЛЬ МИФОВ],РАЗРУШИТЕЛЬ МИФОВ / СБОРКА ИГРОВОГО ПК БЕЗ ВИДЕОКАРТЫ?,2017-04-11 17:09:30,373667,10648,1566,0,1382,407
110,[РАЗРУШИТЕЛЬ МИФОВ],РАЗРУШИТЕЛЬ МИФОВ / ПРАВИЛЬНОЕ ОХЛАЖДЕНИЕ ПК,2017-02-22 17:14:08,668166,20028,3502,0,1830,687
111,[РАЗРУШИТЕЛЬ МИФОВ],РАЗРУШИТЕЛЬ МИФОВ / SSD ДИСК УВЕЛИЧИЛ ФПС В 5 РАЗ!,2017-01-19 14:03:38,232459,8463,1349,0,1569,703
112,[РАЗРУШИТЕЛЬ МИФОВ],РАЗРУШИТЕЛЬ МИФОВ / ЭКОНОМИМ НА СБОРКЕ ИГРОВОГО ПК,2016-12-27 17:26:20,292986,10591,1560,0,1059,656
113,[РАЗРУШИТЕЛЬ МИФОВ],РАЗРУШИТЕЛЬ МИФОВ / ТЕМПЕРАТУРА ПРОЦЕССОРА И ВИДЕОКАРТЫ,2016-12-13 15:36:24,367898,10453,4715,0,3453,996
114,[РАЗРУШИТЕЛЬ МИФОВ],РАЗРУШИТЕЛЬ МИФОВ / ВОДЯНОЕ ОХЛАЖДЕНИЕ ПРОЦЕССОРА В ПК,2016-11-21 17:06:52,454037,11438,8997,0,2357,691
115,[РАЗРУШИТЕЛЬ МИФОВ],РАЗРУШИТЕЛЬ МИФОВ / ДВЕ ВИДЕОКАРТЫ В ПК,2016-10-27 15:06:29,495450,13700,5016,0,1402,603
116,[РАЗРУШИТЕЛЬ МИФОВ],РАЗРУШИТЕЛЬ МИФОВ / ДИСКОВОДЫ И ЖЕСТКИЕ ДИСКИ ЭТО МУСОР,2016-09-10 08:50:10,286721,8187,1877,0,1132,715
117,[РАЗРУШИТЕЛЬ МИФОВ],РАЗРУШИТЕЛЬ МИФОВ / СГОРЕЛ ПК ИЗ-ЗА БЛОКА ПИТАНИЯ,2016-08-29 14:43:22,396851,10065,2145,0,1756,626
118,[РАЗРУШИТЕЛЬ МИФОВ],НЕ ХОЧЕШЬ ПОТОМСТВА - КУПИ НОУТБУК ДЛЯ ИГР ЗА 30000,2016-08-09 16:00:04,154548,6364,1419,0,679,456
119,[КОРОЛЬ ДИЗЛАЙКОВ],"КОРОЛЬ ДИЗЛАЙКОВ / АТПИСКА, УДАЛИ КАНАЛ!",2016-08-28 16:44:14,39076,2467,309,0,306,718
120,[ЖЕЛЕЗНЫЙ РЕВИЗОР],ЖЕЛЕЗНЫЙ РЕВИЗОР / ЭЛЬДОРАДО И ИХ ПК БЕЗ ПРОЦЕССОРА!,2020-10-17 15:08:14,405804,28048,1387,0,1840,997
121,[ЖЕЛЕЗНЫЙ РЕВИЗОР],ЖЕЛЕЗНЫЙ РЕВИЗОР / ЭЛЬДОРАДО БРОСИЛО ВЫЗОВ!,2020-02-29 15:28:55,786992,36110,2087,0,4654,1941
122,[ЖЕЛЕЗНЫЙ РЕВИЗОР],ЖЕЛЕЗНЫЙ РЕВИЗОР / КОНСУЛЬТАНТЫ МВИДЕО И ИХ СБОРКИ ПК!,2019-12-27 16:12:30,739061,34373,1625,0,2628,2025
123,[ЖЕЛЕЗНЫЙ РЕВИЗОР],ЖЕЛЕЗНЫЙ РЕВИЗОР / КАК Я КУПИЛ ПК ЗА 30К В ЭЛЬДОРАДО!,2019-11-07 15:29:58,2655544,133889,6481,0,10314,1494
124,[ЖЕЛЕЗНЫЙ РЕВИЗОР],ЖЕЛЕЗНЫЙ РЕВИЗОР / RTX 2050 В ДНС И СБОРКА ПК ЗА 20К!,2019-09-10 17:57:01,1038513,41835,2865,0,4014,1968
125,[ЖЕЛЕЗНЫЙ РЕВИЗОР],"ЖЕЛЕЗНЫЙ РЕВИЗОР / КОНСУЛЬТАНТЫ ДНС И ИХ ""ТОП"" СБОРКИ ПК",2019-05-10 18:42:28,886729,40967,3789,0,4008,1562
126,[ЖЕЛЕЗНЫЙ РЕВИЗОР],"ЖЕЛЕЗНЫЙ РЕВИЗОР / РАЗНОС ДНС, DEXP И КОНСУЛЬТАНТОВ!",2018-06-18 18:57:18,2100445,59990,9059,0,5147,998
127,[ЖЕЛЕЗНЫЙ РЕВИЗОР],ЖЕЛЕЗНЫЙ РЕВИЗОР / ПЯТИКАНАЛ У AMD RYZEN 5 1600!,2018-04-30 20:43:55,258780,10998,972,0,1155,1056
128,[ЖЕЛЕЗНЫЙ РЕВИЗОР],ЖЕЛЕЗНЫЙ РЕВИЗОР / GT 920M ЗА 15К В СБОРКЕ ПК ЗА 30К,2018-03-30 18:12:30,644902,22153,1088,0,1911,1010
129,[ЖЕЛЕЗНЫЙ РЕВИЗОР],"ЖЕЛЕЗНЫЙ РЕВИЗОР / СОБРАТЬ ПК? НЕ, ЭТО В ПРОШЛОМ...",2018-03-17 15:04:41,482558,19478,907,0,1389,627
130,[ЖЕЛЕЗНЫЙ РЕВИЗОР],"ЖЕЛЕЗНЫЙ РЕВИЗОР / ДИКИЕ ЦЕНЫ НА СБОРКУ ПК В ""КЕЙ""!",2017-12-30 17:31:15,564244,19522,1024,0,1712,1124
131,[ЖЕЛЕЗНЫЙ РЕВИЗОР],ЖЕЛЕЗНЫЙ РЕВИЗОР / СБОРКА ПК У КОНСУЛЬТАНТОВ ДНС?,2017-11-26 14:56:14,1498365,43530,4053,0,5531,910
132,[ЖЕЛЕЗНЫЙ РЕВИЗОР],ЖЕЛЕЗНЫЙ РЕВИЗОР / ПОШЕЛ ВОН ИЗ МАГАЗИНА!,2017-09-23 17:11:35,1248073,41864,2057,0,2714,1077
133,[ЖЕЛЕЗНЫЙ РЕВИЗОР],ЖЕЛЕЗНЫЙ РЕВИЗОР / СБОРКА ИГРОВОГО ПК В DNS? СЕРЬЕЗНО?,2017-06-06 16:40:51,1485790,51554,2360,0,3994,1005
134,[ЖЕЛЕЗНЫЙ РЕВИЗОР],ЖЕЛЕЗНЫЙ РЕВИЗОР / ТОП СБОРКА ПК НА АМД ЗА 30000 В ЭЛЬДОРАДО,2017-05-27 14:48:32,769050,25749,890,0,2546,747
135,[ЖЕЛЕЗНЫЙ РЕВИЗОР],ЖЕЛЕЗНЫЙ РЕВИЗОР - ЯРОСЛАВЛЬ / ИГРОВОЙ ПК В MEDIA MARKT,2017-04-19 13:46:41,418981,15822,768,0,1225,785
136,[ЖЕЛЕЗНЫЙ РЕВИЗОР],ЖЕЛЕЗНЫЙ РЕВИЗОР - МОСКВА / ВЫЗЫВАЙТЕ ПОЛИЦИЮ,2017-04-06 16:16:27,782598,25454,1616,0,1611,638
137,[ЖЕЛЕЗНЫЙ РЕВИЗОР],ЖЕЛЕЗНЫЙ РЕВИЗОР - МОСКВА / В ЭЛЬДОРАДО ИГРОВЫХ ПК НЕТ?,2017-03-24 10:07:31,2218411,67818,3236,0,4628,687
138,[ЖЕЛЕЗНЫЙ РЕВИЗОР],"ЖЕЛЕЗНЫЙ РЕВИЗОР / ВСТРЕТИЛ АДМИНИСТРАЦИЮ ""М.ВИДЕО""?",2017-02-20 10:47:48,458222,19332,605,0,1095,612
139,[ЖЕЛЕЗНЫЙ РЕВИЗОР],ЖЕЛЕЗНЫЙ РЕВИЗОР / КОНСУЛЬТАНТЫ ВЫРЫВАЮТ ВСЕ ИЗ РУК,2017-01-23 16:32:24,845349,26549,1431,0,2098,1008
140,[ЖЕЛЕЗНЫЙ РЕВИЗОР],ЖЕЛЕЗНЫЙ РЕВИЗОР / КОНСУЛЬТАНТЫ МВИДЕО НЕСУТ ЧУШЬ,2017-01-12 15:39:52,678033,18959,2097,0,1951,710
141,[ЖЕЛЕЗНЫЙ РЕВИЗОР],ЖЕЛЕЗНЫЙ РЕВИЗОР / КАК ЭЛЬДОРАДО ТОРГУЕТ МУСОРОМ,2016-12-02 13:40:44,924156,21218,1447,0,1679,773
142,[ЖЕЛЕЗНЫЙ РЕВИЗОР],ЖЕЛЕЗНЫЙ РЕВИЗОР / БРАТЬЯ ЗАПАШНЫЕ УСТРОИЛИСЬ В ОХРАНУ,2016-11-11 11:24:34,294436,8956,468,0,556,601
143,[ЖЕЛЕЗНЫЙ РЕВИЗОР],ЖЕЛЕЗНЫЙ РЕВИЗОР / НОУТБУК - ПЛАНШЕТ ДЛЯ ХОМЯЧКОВ,2016-09-24 14:15:36,347560,10584,757,0,696,964
144,[ЖЕЛЕЗНЫЙ РЕВИЗОР],ЖЕЛЕЗНЫЙ РЕВИЗОР / ИГРОВОЙ ПК ЗА 110000 РУБЛЕЙ В ЭЛЬДОРАДО,2016-08-25 17:39:45,485380,12048,1383,0,948,522
145,[ЖЕЛЕЗНЫЙ РЕВИЗОР],ЖЕЛЕЗНЫЙ РЕВИЗОР / ИГРОВОЙ ПК ЗА 30000 И ОБИДЧИВЫЙ КОНСУЛЬТАНТ,2016-08-18 19:59:47,317156,8596,546,0,669,901
146,[БРИГМАН ПРОТИВ],БРИГМАН ПРОТИВ / ТОТАЛЬНЫЙ РАЗНОС СЕМЁНА И ЕГО ПК ЗА 60К,2020-04-21 17:51:39,605161,48152,2428,0,3895,1330
147,[БРИГМАН ПРОТИВ],БРИГМАН ПРОТИВ / ОБМАН НА АВИТО ПРИ ПРОДАЖЕ НОУТБУКА!,2019-11-23 15:54:24,330970,22687,817,0,1689,1344
148,[БРИГМАН ПРОТИВ],БРИГМАН ПРОТИВ / PS4 ЗА 8000 НА АВИТО И ВИДЕОКАРТЫ ДЛЯ ПК!,2019-10-01 15:32:08,944061,55911,1702,0,3743,1110
149,[БРИГМАН ПРОТИВ],БРИГМАН ПРОТИВ / ДЕВУШКА И НОВЫЙ ПК ЗА 30К,2018-10-30 17:15:39,1486761,73833,3184,0,11597,803
150,[БРИГМАН ПРОТИВ],БРИГМАН ПРОТИВ / КАК КУПИТЬ ПК И НОУТБУК С АВИТО!,2018-10-19 14:33:19,370462,20943,753,0,2617,807
151,[БРИГМАН ПРОТИВ],БРИГМАН ПРОТИВ / МОШЕННИК РАЗВОДИТ ВПАРИВАЯ ИГРОВОЙ НОУТБУК,2017-07-13 15:19:58,1156242,41461,1310,0,5483,966
152,[БРИГМАН ПРОТИВ],БРИГМАН ПРОТИВ / КАК РАБОТАЮТ АФЕРИСТЫ В СЕТЯХ,2017-02-03 17:36:46,707112,24671,1323,0,1845,1109
153,[БРИГМАН ПРОТИВ],БРИГМАН ПРОТИВ / БЫДЛО И ЕГО ИГРОВОЙ НОУТБУК,2016-12-24 11:26:16,614686,22347,1261,0,2158,670
154,[БРИГМАН ПРОТИВ],БРИГМАН ПРОТИВ / ЗАДРОТ МАЙНКРАФТА И WORLD OF TANKS,2016-11-09 09:49:02,757289,23406,1776,0,2093,861
155,[БРИГМАН ПРОТИВ],БРИГМАН ПРОТИВ / ПЕРЕКУП И ЕГО РАЗВОД С НОУТБУКОМ,2016-10-15 20:03:09,802512,23346,865,0,2733,911
156,[БРИГМАН ПРОТИВ],БРИГМАН ПРОТИВ / ИГРОВОЙ НОУТБУК ЗА 40000 РУБЛЕЙ И IPHONE 7,2016-09-12 10:00:44,764605,23355,2074,0,3352,894
157,[БРИГМАН ПРОТИВ],"БРИГМАН ПРОТИВ / КРАСАВИЦА И ЕЕ ПОПУГАЙ, СЪЕВШИЙ КЛАВИАТУРУ",2016-08-23 11:26:54,783851,22555,1554,0,2380,927
158,[БРИГМАН ПРОТИВ],БРИГМАН ПРОТИВ / КАЧОК ТОЛКАЕТ НОУТБУК БРАТА И ВТИРАЕТ ДИЧЬ,2016-08-10 02:29:02,879391,29474,1659,0,1999,901
159,[БРИГМАН ПРОТИВ],БРИГМАН ПРОТИВ / КИДАЛА АВИТО И ЕГО ГТА5 НА НОУТБУКЕ,2016-08-05 05:17:08,1057753,47983,5865,0,4028,906
160,[БРИГМАН ПРОТИВ],БРИГМАН ПРОТИВ / КИДАЛА АВИТО И ЕГО CS:GO,2016-06-29 08:00:01,1090490,35874,1238,0,2493,731
161,[БРИГМАН ПРОТИВ],БРИГМАН ПРОТИВ / БЛОНДИНКА КИДАЛА И НОУТБУК С АВИТО,2016-06-20 18:29:21,827223,25457,2414,0,1747,553
162,[БРИГМАН ПРОТИВ],РАЗВОД НА АВИТО / НОУТБУК ЗА 17 000 рублей,2016-05-22 13:33:02,543165,13072,2550,0,1079,350
163,[ДИВАННАЯ АНАЛИТИКА],ЖИЗА / КАК НЕЛЬЗЯ ВОДИТЬ АВТО...,2019-01-28 13:54:49,16797,1873,32,0,227,577
164,[ДИВАННАЯ АНАЛИТИКА],ВСЕ О ТЕХНОБЛОГАХ НА YOUTUBE,2018-11-07 17:41:28,222488,25711,798,0,4975,1120
165,[ДИВАННАЯ АНАЛИТИКА],ЕСТЬ ЛИ ПРАВДА НА YOUTUBE? / ЖИЗНЬ КАНАЛА ЗА КАДРОМ,2018-04-05 15:15:06,83450,7380,365,0,857,907
166,[ДИВАННАЯ АНАЛИТИКА],МАЙНИНГ УБИЛ ПК-ГЕЙМИНГ / КУПИТЬ ВИДЕОКАРТУ В 2018?,2018-03-01 13:37:13,442752,27757,3215,0,4909,763
167,[ДИВАННАЯ АНАЛИТИКА],ПРАВДА РУССКОГО ЮТУБА / ДОХОДЫ БЛОГЕРОВ И ИХ ЛОЖЬ!,2017-10-29 17:10:01,132485,11534,459,0,1325,921
168,[ДИВАННАЯ АНАЛИТИКА],СКОЛЬКО Я ЗАРАБАТЫВАЛ В ДЕТСТВЕ? / КАК СОЗДАТЬ СВОЙ САЙТ,2017-09-20 13:36:04,103948,5163,424,0,450,11
169,[ДИВАННАЯ АНАЛИТИКА],ПОЧЕМУ ЮТУБ СКАТИЛСЯ? / БЛОГЕРЫ ВПАРИВАЮТ ДИЧЬ...,2017-08-08 12:44:58,77784,6285,447,0,1141,798
170,[ДИВАННАЯ АНАЛИТИКА],ПК ГЕЙМИНГ БУДУЩЕГО / ВИРТУАЛЬНАЯ РЕАЛЬНОСТЬ НАШЕ ВСЕ?,2017-05-24 16:51:27,63771,3339,349,0,725,536
171,[ДИВАННАЯ АНАЛИТИКА],"БЛОГЕРЫ УХОДЯТ С ЮТУБА / ДЕНЕГ НЕТ, НО ВЫ ДЕРЖИТЕСЬ",2017-04-22 17:05:46,138462,11472,611,0,1007,638
172,[ДИВАННАЯ АНАЛИТИКА],КАК Я ПРИШЕЛ НА ЮТУБ / НИКОГДА НЕ СДАВАЙСЯ,2017-04-10 10:26:42,56501,5167,292,0,484,474
173,[ДИВАННАЯ АНАЛИТИКА],ПЕРВЫЙ КАНАЛ ВИНИТ ВО ВСЕМ ИГРЫ / ПУСТЬ ГОВОРЯТ ДАЛЬШЕ,2017-03-01 11:09:54,102881,8376,349,0,1019,727
174,[ДИВАННАЯ АНАЛИТИКА],НЕ КОПИ СТАРЬЕ / СОБРАТЬ ПК МОЖНО НА ИЗИ,2017-02-17 19:03:55,210605,12125,987,0,1646,12
175,[ДИВАННАЯ АНАЛИТИКА],КУПИ СЕБЕ ИГРОВОЙ ПК ЗА 30000 / ХВАТИТ ЖЛОБИТЬСЯ!,2016-12-27 14:19:05,269157,11748,996,0,1800,738
176,[ДИВАННАЯ АНАЛИТИКА],СКОЛЬКО Я ЗАРАБАТЫВАЮ НА YOUTUBE / ЮТУБЕРЫ ОХРЕНЕЛИ!,2016-12-14 13:46:06,250464,16413,1002,0,2041,836
177,[ДИВАННАЯ АНАЛИТИКА],КАК Я СОБРАЛ ИГРОВОЙ ПК / СЛОМАЛИ МАТЕРИНСКУЮ ПЛАТУ,2016-11-22 14:36:53,153230,5555,730,0,413,699
178,[ДИВАННАЯ АНАЛИТИКА],МОШЕННИКИ ПОВСЮДУ / ИНТЕРНЕТ НЕ ДЛЯ ШКОЛОТЫ,2016-11-08 08:19:49,66981,2649,365,0,189,555
179,[ДИВАННАЯ АНАЛИТИКА],ХУДШАЯ РАБОТА В ЖИЗНИ / КАК МВИДЕО ДУРИТ ЛЮДЕЙ,2016-10-04 06:46:58,332697,8503,2900,0,819,616
180,[ДИВАННАЯ АНАЛИТИКА],"БОМЖИ ТАНЦУЮТ И ПОЮТ, НО НЕ ПЬЮТ / СИМУЛЯТОР БОМЖА",2016-07-16 10:26:59,12968,825,122,0,104,281
181,[ДИВАННАЯ АНАЛИТИКА],"ТОП 5 МОШЕННИКОВ / РУЛЕТКИ, ПИРАМИДЫ И БИРЖИ ДЛЯ ДАУНОВ",2016-07-11 07:31:31,75660,3497,259,0,338,624
182,[ДИВАННАЯ АНАЛИТИКА],Я НЕНАВИЖУ РАБОТАТЬ / РАБОТАЛ В МВИДЕО В ОХРАНЕ,2016-07-04 03:28:15,25133,1710,287,0,201,292
183,[ДИВАННАЯ АНАЛИТИКА],БУДУЩЕЕ ИГРОВОЙ ИНДУСТРИИ / ОЧКИ HOLOLENS,2016-06-14 11:48:32,11175,387,28,0,52,268
184,[ДИВАННАЯ АНАЛИТИКА],Посадили в тюрьму за ПРОШИВКУ XBOX 360 для игр!!!,2016-05-27 12:20:58,68571,1881,335,0,149,284
185,[РЕЖУ ПРАВДУ-МАТКУ],МАЙНИНГ ИЛИ ПК ГЕЙМИНГ! / КАК КУПИТЬ ВИДЕОКАРТУ В 2021?,2021-02-16 16:14:56,370365,31413,1080,0,4493,906
186,[РЕЖУ ПРАВДУ-МАТКУ],"ИГРОВОЙ ПК, НОУТБУК ИЛИ PS5 / ЧТО ЖЕ ЛУЧШЕ ДЛЯ ИГР?",2020-01-24 18:27:05,240115,16415,1366,0,3351,1364
187,[РЕЖУ ПРАВДУ-МАТКУ],РОЗЫГРЫШ GTX 1070TI И МНОГО ДРУГОГО ЖЕЛЕЗА!!,2018-12-27 16:01:51,113868,13110,537,0,2526,667
188,[РЕЖУ ПРАВДУ-МАТКУ],"ИГРОМИР / РАЗБИЛИ 2 НОУТБУКА, И VR НА INTEL NUC!",2018-10-16 15:23:19,104564,4889,246,0,619,680
189,[РЕЖУ ПРАВДУ-МАТКУ],ПОПАЛ В ДТП НА BMW X5 / АВАРИЯ И ПЬЯНЫЙ ЗА РУЛЕМ!,2018-06-04 16:17:26,119018,8941,632,0,1020,604
190,[РЕЖУ ПРАВДУ-МАТКУ],МОШЕННИКИ С АВИТО И ЮЛЫ / РАЗВОД НА ПРЕДОПЛАТУ,2017-12-13 15:49:01,214470,9882,1146,0,1000,756
191,[РЕЖУ ПРАВДУ-МАТКУ],СЛИВ ИНФЫ ОТ ПРОДАВЦА / РАЗВОД И ОБМАН МАГАЗИНАМИ,2017-11-05 16:38:16,282056,15378,1137,0,1783,674
192,[РЕЖУ ПРАВДУ-МАТКУ],ЛУЧШИЕ ИГРЫ НА 2017 ГОД! / ДЛЯ СЛАБЫХ И ТОПОВЫХ ПК,2017-11-01 11:51:46,129331,4203,756,0,930,446
193,[РЕЖУ ПРАВДУ-МАТКУ],КАК Я СЪЕЗДИЛ НА ИГРОМИР / ПОЛУЧИЛ НАГРАДУ ОТ ЮТУБА,2017-10-05 14:40:47,204724,10217,551,0,566,521
194,[РЕЖУ ПРАВДУ-МАТКУ],НА ЧТО Я СЛИЛ КУЧУ ДЕНЕГ / НОВОЕ РАБОЧЕЕ МЕСТО?,2017-09-25 17:55:50,114359,9946,648,0,1149,515
195,[РЕЖУ ПРАВДУ-МАТКУ],КАК ВЫБРАТЬ ГИРОСКУТЕР? / ОБМАН И РАЗВОД ПРИ ПОКУПКЕ!,2017-09-19 15:47:02,198813,4747,1398,0,462,755
196,[РЕЖУ ПРАВДУ-МАТКУ],"ЧУВАКИ, ЭТО РЕВИЗОРРО! / КАК ОТЕЛИ РАЗВОДЯТ ТУРИСТОВ!",2017-09-03 10:38:30,111295,8905,447,0,796,652
197,[РЕЖУ ПРАВДУ-МАТКУ],МАЙНИНГ ЗАГНУЛСЯ? / ВИДЕОКАРТЫ ВОЗВРАЩАЮТСЯ НА АВИТО!,2017-08-03 11:44:48,269338,17301,2405,0,1858,476
198,[РЕЖУ ПРАВДУ-МАТКУ],ПОЧТА РОССИИ ГРАБИТ ЛЮДЕЙ? / СОБИРАЙ ПК С УМОМ!,2017-07-29 18:05:53,174462,9251,802,0,897,477
199,[РЕЖУ ПРАВДУ-МАТКУ],ЧТО ПРОИСХОДИТ ЗА КАДРОМ? / МОЕ РАБОЧЕЕ МЕСТО,2017-07-23 14:08:55,192458,22944,629,0,2001,608
200,[РЕЖУ ПРАВДУ-МАТКУ],СЕРВИСНЫЕ ЦЕНТРЫ И ИХ ТОП РАЗВОД НА ДЕНЬГИ ПРИ РЕМОНТЕ!,2017-07-15 16:56:49,228336,10666,499,0,942,490
201,[РЕЖУ ПРАВДУ-МАТКУ],КАК МАГАЗИНЫ ОБМАНЫВАЮТ НА ДЕНЬГИ / НАШЕ РАССЛЕДОВАНИЕ,2017-06-20 15:49:33,112003,5847,348,0,548,421
202,[РЕЖУ ПРАВДУ-МАТКУ],ВИДЕОКАРТ БОЛЬШЕ НЕТ В МАГАЗИНАХ? / МАЙНИНГ ОБВАЛИЛ РЫНОК!,2017-06-18 17:52:23,306735,11416,1221,0,2536,713
203,[РЕЖУ ПРАВДУ-МАТКУ],КИБЕРСПОРТ НУЖНО ЗАПРЕТИТЬ? / ИГРАЯ В ПК ДЕТИ РУБЯТ МИЛЛИОНЫ,2017-06-04 20:25:56,63638,3829,319,0,637,549
204,[РЕЖУ ПРАВДУ-МАТКУ],Я НАШЕЛ ФИКСИКА В НОУТБУКЕ / КИДАЛЫ АВИТО НЕ ДРЕМЛЮТ,2017-05-29 17:41:16,398802,13146,1502,0,964,604
205,[РЕЖУ ПРАВДУ-МАТКУ],СЕГА НА 16 БИТ В 2017! / ИГРОВАЯ КОНСОЛЬ ИЗ ПРОШЛОГО,2017-04-28 13:42:50,211167,11268,1914,0,1886,563
206,[РЕЖУ ПРАВДУ-МАТКУ],ИГРЫ НА СЛАБОМ ПК? / ВИРТУАЛЬНАЯ РЕАЛЬНОСТЬ ЭТО НАШЕ  БУДУЩЕЕ,2017-03-14 11:15:44,87932,3497,700,0,692,568
207,[РЕЖУ ПРАВДУ-МАТКУ],ПОКУПКА ПК НА АЛИЭКСПРЕСС / ОБМАНУТЬ МОГУТ И ТАМ!,2017-02-02 13:56:04,203640,7332,1096,0,716,658
208,[РЕЖУ ПРАВДУ-МАТКУ],ПОЧТА РОССИИ ВОРУЕТ ПОСЫЛКИ! / УКРАЛИ ВИДЕОКАРТУ,2016-12-16 09:06:02,247235,10121,1210,0,1294,626
209,[РЕЖУ ПРАВДУ-МАТКУ],ТВОЙ ПК ДНО? / ИГРЫ ДЛЯ СЛАБЫХ ПК,2016-10-25 16:19:26,92937,4297,515,0,729,679
210,[РЕЖУ ПРАВДУ-МАТКУ],ТОП 5 ФАКТОВ ОБ ИГРЕ POKEMON GO / ПОКЕМОНЫ ПОВСЮДУ!,2016-07-19 15:47:28,11036,462,69,0,36,379
211,[РЕЖУ ПРАВДУ-МАТКУ],МАЙНКРАФТ ДЛЯ ШКОЛОТЫ? / ВЫЖИВАНИЕ СРЕДИ ДЕБИЛОВ,2016-06-24 11:44:12,45383,3117,209,0,245,239
212,[РЕЖУ ПРАВДУ-МАТКУ],"НОВЫЕ DLC ДЛЯ FALLOUT 4 / Contraptions Workshop, Vaultec, Nuka World",2016-06-14 05:46:11,8829,289,210,0,88,529
213,[РЕЖУ ПРАВДУ-МАТКУ],"ЛЕТНЯЯ РАСПРОДАЖА В STEAM! Халява, приди!",2016-05-20 16:49:11,17274,593,77,0,62,236
214,[РЕЖУ ПРАВДУ-МАТКУ],DLC FAR HARBOR для fallout 4! Обзор без спойлеров,2016-05-19 13:46:41,14652,362,397,0,50,237
215,[РЕЖУ ПРАВДУ-МАТКУ],В Crytek готовят Crysis 4! Дата выхода будет известна на E3!,2016-05-18 05:17:05,146298,3135,643,0,587,275
216,[РЕЖУ ПРАВДУ-МАТКУ],Лучшие игры 2016 года на ПК (ТОП 5 Е3),2016-05-05 14:02:22,157034,993,442,0,92,304
217,[РЕЖУ ПРАВДУ-МАТКУ],"Call of Duty: Infinite Warfare и Modern Warfare. Колда, иди ПРОСПИСЬ!",2016-05-03 14:41:11,8318,359,47,0,54,262
218,[РЕЖУ ПРАВДУ-МАТКУ],У меня БОМБИТ от World of Tanks!!,2016-03-04 17:22:20,27416,2334,183,0,158,219
219,[Hi-TECH],МАЙНЕРЫ VS NVIDIA! / ОБЗОР И ТЕСТЫ НОВОЙ RTX 3060!,2021-02-26 13:47:06,224925,12790,626,0,2299,1202
220,[Hi-TECH],AMD ZEN 3 - ЭТО ПРОРЫВ?! / R7 5800X VS R9 5950X VS i9 10900K!,2020-12-29 16:44:49,189545,11725,622,0,1174,1124
221,[Hi-TECH],КАРМАННЫЙ НОУТБУК НА INTEL! / ОБЗОР LENOVO THINKPAD X1 FOLD!,2020-12-25 15:23:37,133277,9175,651,0,852,888
222,[Hi-TECH],ИГРОВОЙ НОУТБУК ЗА 180К! / ОБЗОР HP OMEN 17 (2020),2020-12-17 15:32:14,120439,5541,1857,0,1010,737
223,[Hi-TECH],ТОП ПРОЦЕССОР ЗА 50К! / INTEL i9 10900K VS AMD R9 3900XT,2020-12-11 15:41:42,116509,8863,702,0,1077,1220
224,[Hi-TECH],НОВАЯ ВИДЕОКАРТА ОТ NVIDIA! / ОБЗОР И ТЕСТЫ RTX 3060 TI!,2020-12-01 15:34:43,241520,16689,573,0,2673,920
225,[Hi-TECH],НОУТБУК ДЛЯ РАБОТЫ И ИГР ЗА 70000! / LENOVO IDEAPAD GAMING 3,2020-11-30 16:55:54,122629,8843,416,0,1303,864
226,[Hi-TECH],ОБЗОР NVIDIA GEFORCE RTX 3070 / ТОП ДЛЯ СБОРКИ ПК ЗА 100К?,2020-10-28 15:11:19,151914,10379,381,0,1828,849
227,[Hi-TECH],ВИДЕОКАРТА ЗА 150К РУБЛЕЙ! / ОБЗОР NVIDIA GEFORCE RTX 3090,2020-10-20 17:17:52,223984,14926,552,0,1637,939
228,[Hi-TECH],NVIDIA GEFORCE RTX 3080 FE! / ОБЗОР И ТЕСТЫ ЦАРЬ ВИДЕОКАРТЫ!,2020-10-11 16:07:27,261245,19740,874,0,1918,1555
229,[Hi-TECH],ПРОЦЕССОРЫ INTEL CORE 11 ПОКОЛЕНИЯ! / ОБЗОР TIGER LAKE,2020-09-30 16:43:39,172995,11645,621,0,1573,1291
230,[Hi-TECH],ИГРОВОЙ МИНИ ПК ОТ INTEL / ОБЗОР NUC 9 GHOST CANYON!,2020-09-29 15:47:27,173735,12200,492,0,1131,1322
231,[Hi-TECH],ВСЁ ПРО INTEL COMET LAKE (H) / НОУТБУК ИЛИ ПК ДЛЯ ИГР?,2020-09-08 15:55:21,84229,6591,334,0,751,1196
232,[Hi-TECH],"ВСЁ ПРО INTEL ""ICE LAKE"" В УЛЬТРАБУКАХ / ЖДЕМ 10 НМ НА ПК?",2020-06-29 14:41:46,129058,8701,334,0,933,1037
233,[Hi-TECH],НОВЫЙ ФЛАГМАН ОТ ИНТЕЛ! / ОБЗОР INTEL CORE I9 10900K!,2020-05-30 14:36:28,185825,12458,599,0,1491,992
234,[Hi-TECH],10 ПОКОЛЕНИЕ ПРОЦЕССОРОВ! / ОБЗОР INTEL CORE i7 10700K,2020-05-28 14:03:51,308806,17274,875,0,2011,787
235,[Hi-TECH],ЧТО ТАКОЕ СМАРТ ЧАСЫ? / ОБЗОР HUAWEI WATCH GT 2 (42/46),2020-02-17 15:32:50,77928,4315,549,0,637,865
236,[Hi-TECH],НОУТБУК ЗА 50К РУБЛЕЙ / ОБЗОР HUAWEI MATEBOOK D14,2020-02-05 17:01:06,273957,8771,1487,0,1073,874
237,[Hi-TECH],"ИГРОВОЙ НОУТБУК ASUS ROG STRIX III, ОБЗОР И ТЕСТЫ",2019-12-28 17:20:52,187960,8893,584,0,1332,938
238,[Hi-TECH],МОИ IT ПОДАРКИ НА НОВЫЙ ГОД! / ВСЕ ДЛЯ ЛЮБИТЕЛЯ ПК,2019-12-17 15:58:58,95901,8182,519,0,855,873
239,[Hi-TECH],НОУТБУК ДЛЯ УЧЕБЫ И РАБОТЫ / ОБЗОР ASUS ZENBOOK 14,2019-11-28 15:52:59,106076,4915,558,0,683,787
240,[Hi-TECH],ИГРОВОЙ НОУТБУК С ДВУМЯ ЭКРАНАМИ! / ОБЗОР HP OMEN X 2S,2019-10-31 17:16:36,101198,6648,394,0,962,723
241,[Hi-TECH],ВЫБОР ВИДЕОКАРТЫ ЗА 5000 РУБЛЕЙ! / AMD VS NVIDIA НА АВИТО,2019-10-25 16:34:41,198143,11412,373,0,4133,663
242,[Hi-TECH],ЭКСПЕРИМЕНТ / ПРОТЕКЛО СВО И СГОРЕЛ ПК В ПРЯМОМ ЭФИРЕ!,2019-10-20 15:07:28,485437,23491,1459,0,1907,800
243,[Hi-TECH],ИГРОВОЙ НОУТБУК ЗА 100К! / ОБЗОР И ТЕСТЫ LENOVO LEGION,2019-09-21 16:30:35,128955,6592,660,0,998,648
244,[Hi-TECH],ИГРОВОЙ ПК НА AMD И NVIDIA / R5 3600X + RTX 2060 SUPER,2019-09-02 16:40:36,117634,6281,814,0,1087,642
245,[Hi-TECH],AMD VS NVIDIA! / ВЫБОР ВИДЕОКАРТЫ ЗА 30000 РУБЛЕЙ,2019-08-31 12:59:44,138578,11167,1365,0,2249,792
246,[Hi-TECH],НОУТБУК ДЛЯ УЧЕБЫ И РАБОТЫ / УЛЬТРАБУК LENOVO IDEAPAD,2019-08-29 15:40:23,85929,4940,759,0,933,735
247,[Hi-TECH],ИГРОВОЙ МОНИТОР 144 ГЦ ЗА 20К / ОБЗОР AOPEN 27HC1R,2019-08-12 16:33:55,107757,6759,608,0,1310,606
248,[Hi-TECH],ОБЗОР И ТЕСТЫ RTX 2080 SUPER / СТОИТ ЛИ ПОКУПАТЬ ЕЁ?,2019-08-09 17:25:03,136616,8647,500,0,1002,617
249,[Hi-TECH],АПГРЕЙД ПК ЗА 20К РУБЛЕЙ! / ВИДЕОКАРТА ИЛИ ПРОЦЕССОР?,2019-08-01 17:29:51,185237,12321,575,0,2625,817
250,[Hi-TECH],ДА БУДЕТ БАТЛ 2070S VS 2070! / ОБЗОР NVIDIA RTX 2070 SUPER,2019-07-24 17:56:02,129123,7148,347,0,970,617
251,[Hi-TECH],ОБЗОР И ТЕСТЫ RTX 2060 SUPER / НОВЫЕ ВИДЕОКАРТЫ ОТ NVIDIA,2019-07-17 14:07:57,188706,12666,540,0,1802,943
252,[Hi-TECH],ИГРОВОЙ МИНИ-ПК ТАЩИТ?! / ОБЗОР И ТЕСТЫ INTEL NUC,2019-06-27 16:40:18,301632,13413,852,0,1718,603
253,[Hi-TECH],СКОЛЬКО НУЖНО ОПЕРАТИВКИ? / АПГРЕЙД ПК ЗА КОПЕЙКИ!,2019-06-16 15:48:53,545864,26031,1288,0,3320,642
254,[Hi-TECH],ОБЗОР И ТЕСТЫ NVIDIA GTX 1660! / СТОИТ ЛИ ОНА ЭТОЙ ЦЕНЫ?,2019-04-30 13:24:10,312722,12705,705,0,1633,746
255,[Hi-TECH],ПРОМЕНЯЛ ПК НА КОНСОЛЬ? / ОБЗОР ASUS ROG PHONE,2019-04-17 16:13:10,152195,15502,811,0,10362,919
256,[Hi-TECH],NVIDIA RTX В НОУТБУКЕ? / ОБЗОР И ТЕСТЫ ASUS STRIX SCAR II,2019-03-25 15:00:47,118813,6592,361,0,1004,871
257,[Hi-TECH],NVIDIA VS AMD! / ВЫБОР ТОП ВИДЕОКАРТЫ ДЛЯ ИГР,2019-03-04 16:19:09,303486,14977,740,0,2208,769
258,[Hi-TECH],НОВАЯ ВИДЕОКАРТА БЕЗ RTX! / ОБЗОР NVIDIA GEFORCE GTX 1660 TI,2019-02-22 14:05:20,553568,21720,1410,0,3799,853
259,[Hi-TECH],"НУ ОЧЕНЬ ДОРОГОЙ ПРОЦЕССОР / INTEL CORE i9 7980XE, ОБЗОР",2019-01-28 14:22:36,200478,9941,429,0,2812,777
260,[Hi-TECH],ОБЗОР И ТЕСТЫ NVIDIA RTX 2060! / СТОИТ ЛИ СВОИХ ДЕНЕГ?,2019-01-16 18:53:49,449952,17715,1119,0,2828,774
261,[Hi-TECH],GAMING НА ТРЕХ МОНИТОРАХ!! / ПК ЗА 500К В ДЕЙСТВИИ!,2019-01-09 18:05:12,374372,18199,719,0,1526,1231
262,[Hi-TECH],9-ое ПОКОЛЕНИЕ ПРОЦЕССОРОВ INTEL! / i7 8700k VS i7 9700K!,2018-12-13 15:38:27,170998,6842,951,0,1192,638
263,[Hi-TECH],УЛЬТРАБУК ЗА 76000 РУБЛЕЙ! / ОБЗОР ASUS ZENBOOK S,2018-12-07 17:49:11,66146,2987,394,0,446,710
264,[Hi-TECH],ЧТО С ЦЕНАМИ НА ПРОЦЕССОРЫ? / ОБЗОР INTEL CORE i9 9900K!,2018-11-30 16:23:29,197210,8875,745,0,1243,869
265,[Hi-TECH],ВИДЕОКАРТА ДЛЯ ИГР ЗА 5000 РУБЛЕЙ! / БЮДЖЕТНЫЙ ГЕЙМИНГ,2018-11-24 14:57:25,339351,17649,620,0,12535,713
266,[Hi-TECH],ТОП НОУТБУК ДЛЯ РАБОТЫ! / ОБЗОР ASUS ZENBOOK PRO 15,2018-11-19 15:57:53,128276,6401,461,0,1104,784
267,[Hi-TECH],ОБЗОР И ТЕСТЫ NVIDIA RTX 2080 TI / СТОИТ ЛИ СВОИХ ДЕНЕГ?,2018-11-17 14:00:05,315244,13896,996,0,1566,828
268,[Hi-TECH],СТОИТ ЛИ ПОКУПАТЬ NVIDIA RTX? / RTX 2080 ИЛИ GTX 1080TI?,2018-10-28 15:55:20,415327,28493,2021,0,14547,870
269,[Hi-TECH],КАК ВЫБРАТЬ SSD ДИСК? / ТОП 5 ОШИБОК ПРИ ПОКУПКЕ SSD!,2018-09-10 19:07:00,758611,23326,5001,0,2163,909
270,[Hi-TECH],NVIDIA RTX 2080TI - ТОПИЧ? / INTEL CORE i7 9700K РЯДОМ!,2018-08-24 18:46:48,358717,15101,1445,0,2545,916
271,[Hi-TECH],СГОРЕЛ ИГРОВОЙ ПК ЗА 60000! / ИБП EATON КАК ЗАЩИТА,2018-08-09 15:45:24,210987,9724,2058,0,2447,749
272,[Hi-TECH],ВЫБОР ВИДЕОКАРТЫ ДЛЯ 4К ИГР! / 4K GAMING В 2018 ЖИВ?,2018-07-03 16:08:39,183880,11086,638,0,2688,609
273,[Hi-TECH],СОБРАТЬ ПК НА КОФЕ? / INTEL CORE i7 7700k VS i7 8700k!,2018-07-02 16:32:25,189931,8503,654,0,1237,602
274,[Hi-TECH],"ПРЕЗЕНТАЦИЯ ACER / МАЙНИНГ, УЛЬТРАБУКИ И VR",2018-06-14 19:03:40,80324,3902,250,0,399,938
275,[Hi-TECH],ВИДЕОКАРТА ЗА 6000 РУБЛЕЙ? / GT1030 VS INTEL UHD 630!,2018-06-13 18:12:03,406649,14904,2011,0,2561,703
276,[Hi-TECH],МАЙНИНГ И Б/У ВИДЕОКАРТА / ВИДЮХА С АВИТО В 2018!,2018-04-06 13:01:11,778136,22749,4796,0,2401,714
277,[Hi-TECH],ИГРОВАЯ ВИДЕОКАРТА ОТ АМД / ОБЗОР VEGA 64 NITRO+,2018-02-14 17:59:50,283666,10851,1068,0,1666,773
278,[Hi-TECH],СОБРАТЬ ПК ПРИ ЭТИХ ЦЕНАХ? / ГОТОВАЯ СБОРКА ЗА 112К,2018-02-01 15:50:34,130754,6287,958,0,1269,616
279,[Hi-TECH],ИГРОВОЙ НОУТБУК ЗА 250К?! / ОБЗОР HP OMEN X,2018-01-31 17:37:15,77921,4183,518,0,732,813
280,[Hi-TECH],ПРОЦЕССОР ДЛЯ ИГР В 2018! / ОБЗОР INTEL CORE i5 8400,2018-01-07 17:00:19,469401,12568,1156,0,2589,689
281,[Hi-TECH],ВПЕРВЫЕ КУДА-ТО ПРИГЛАСИЛИ! / СМАРТФОН VIVO V7+,2017-12-28 13:56:36,60889,3007,183,0,436,546
282,[Hi-TECH],"СОБРАЛ ПК, А ДАЛЬШЕ? / КАК УСТАНОВИТЬ WINDOWS 10?",2017-12-26 16:20:52,1327402,51706,3215,0,3443,419
283,[Hi-TECH],INTEL CORE i9 ДЛЯ ИГР? / ПРОЦЕССОР ЦЕНОЙ В ИГРОВОЙ ПК!,2017-12-25 14:52:32,405112,13703,1002,0,2338,632
284,[Hi-TECH],ИГРОВОЙ НОУТБУК ЗА 200К! / ОБЗОР MSI GT75VR 7RF,2017-12-03 17:29:41,214692,10136,705,0,1660,773
285,[Hi-TECH],ТАК ЛИ НУЖЕН SSD M2? / АПГРЕЙД НОУТБУКА И ОБЗОР SSD!,2017-11-21 15:19:43,281219,8755,1746,0,1635,610
286,[Hi-TECH],САМАЯ СТРАННАЯ ВИДЕОКАРТА! / ОБЗОР INNO3D GTX 1080TI,2017-11-10 17:22:24,236218,9347,817,0,1077,644
287,[Hi-TECH],ТОП ПЛЮШКИ ИЗ КИТАЯ / ЧТО КУПИТЬ ДЛЯ СБОРКИ ПК?,2017-11-04 17:42:16,272812,11072,1133,0,975,897
288,[Hi-TECH],КАК NOKIA 8 НАГНУЛ IPHONE 8 / ОБЗОР ТОП СМАРТФОНА,2017-10-28 18:30:47,313453,9536,3172,0,1707,773
289,[Hi-TECH],ИГРОВАЯ ВИДЕОКАРТА НА АВИТО / КАК ВЫБРАТЬ Б/У ЖЕЛЕЗО?,2017-10-14 15:20:19,407122,19487,2055,0,1421,781
290,[Hi-TECH],ГОТОВАЯ СБОРКА ИГРОВОГО ПК / ОБЗОР MSI INFINITE A,2017-10-06 16:10:10,232780,9749,859,0,2392,447
291,[Hi-TECH],НОУТБУК ИЛИ ПЛАНШЕТ ДЛЯ ИГР? / ЧТО НАС ЖДЕТ В БУДУЩЕМ?,2017-09-18 16:37:53,81907,4160,756,0,1198,640
292,[Hi-TECH],AMD RYZEN 5 1600X В ИГРАХ / ГОДНЫЙ АНАЛОГ INTEL CORE i5?,2017-09-13 13:10:44,249827,7863,1092,0,783,8
293,[Hi-TECH],5 ЛАЙФХАКОВ ДЛЯ УСКОРЕНИЯ РАБОТЫ ВАШЕГО НОУТБУКА!,2017-08-10 18:38:41,426446,16451,2084,0,1746,708
294,[Hi-TECH],ВЫБОР ПРОЦЕССОРА ДЛЯ ИГР / ВЫХОД AMD RYZEN 3,2017-07-19 16:59:52,218691,6963,771,0,813,517
295,[Hi-TECH],СМАРТФОН НА ВИНДЕ В 2017? / ANDROID ИЛИ WINDOWS 10 MOBILE?,2017-07-07 16:48:08,134497,4092,872,0,2745,562
296,[Hi-TECH],СБОРКА МИНИ ПК ЗА 30000 РУБЛЕЙ! / РАБОЧИЙ КУБИК РУБИКА,2017-07-01 16:16:10,198253,7190,523,0,695,500
297,[Hi-TECH],ВЫБОР ПРОЦЕССОРА INTEL ДЛЯ ИГР / КАКОЙ ПРОЦЕССОР КУПИТЬ?,2017-06-30 12:59:37,313677,12015,888,0,1364,478
298,[Hi-TECH],ОПЕРАТИВНАЯ ПАМЯТЬ ДЛЯ ИГР? / СБОРКА ПК С УМОМ!,2017-06-15 16:58:31,1123806,48817,2642,0,4064,782
299,[Hi-TECH],"ЖДЕМ i9 И AMD RYZEN 9! / INTEL CORE i3, i5 И i7 В ПРОШЛОМ!",2017-05-17 11:01:58,158477,5959,553,0,1048,468
300,[Hi-TECH],ВЫБОР МОНИТОРА ДЛЯ ИГР / КАК РАЗВОДЯТ КОНСУЛЬТАНТЫ,2017-05-15 16:33:41,853056,31556,4288,0,4490,713
301,[Hi-TECH],БЮДЖЕТНАЯ ВИДЕОКАРТА ДЛЯ ИГР В 2017 / ТАЩИТ В КС ГО И ГТА5?,2017-04-24 16:31:13,385866,8503,1033,0,746,523
302,[Hi-TECH],ЛАЙФХАК: ДЕЛАЕМ ИЗ ПК КОНСОЛЬ / PS4 БОЛЬШЕ НЕ НУЖНА?,2017-04-23 17:18:49,279033,8796,3575,0,2810,485
303,[Hi-TECH],AMD RYZEN ТАЩАТ? / INTEL НЕКРАСИВО ПОСТУПИЛИ С АМД,2017-03-12 10:20:49,236082,8939,1312,0,1091,468
304,[Hi-TECH],ЛУЧШАЯ ВИДЕОКАРТА ДЛЯ ИГР В 2017 / GTX 1080 TI ОБВАЛИЛА ЦЕНЫ,2017-03-07 16:45:18,313433,7086,1068,0,863,662
305,[Hi-TECH],БЮДЖЕТНАЯ ВИДЕОКАРТА ДЛЯ КС ГО И ИГР / GT 210 В 2017 ГОДУ,2017-03-04 10:20:25,300375,8300,1292,0,1724,603
306,[Hi-TECH],ВЫБОР КОРПУСА И БЛОКА ПИТАНИЯ ДЛЯ КОМПЬЮТЕРА,2017-03-01 09:52:15,245588,8370,1121,0,1098,664
307,[Hi-TECH],ВИДЕОКАРТА ДЛЯ ИГР / GTX 1050 ЭТО ТОП ДЛЯ СБОРКИ ПК?,2017-02-21 18:55:35,596734,14708,946,0,2230,497
308,[Hi-TECH],ТАК ЛИ ПЛОХ АМД? / ОБЗОР ВИДЕОКАРТЫ ASUS ROG STRIX RX 470,2017-02-16 08:21:34,248650,8036,1119,0,1258,669
309,[Hi-TECH],КАК ВЫБРАТЬ НОУТБУК ДЛЯ ИГР И ДОМА? (ЧАСТЬ 2),2017-02-10 12:13:56,116535,4835,725,0,779,709
310,[Hi-TECH],КАК ВЫБРАТЬ НОУТБУК ДЛЯ ИГР И ДОМА? (ЧАСТЬ 1),2017-02-07 15:20:18,204761,6560,1191,0,905,611
311,[Hi-TECH],ПОЧЕМУ ЖЕ IPHONE 7 ДНИЩЕ? / АЙФОН 7 СКАТИЛСЯ,2017-01-17 17:38:53,141618,6481,1706,0,1271,603
312,[Hi-TECH],МАКБУК ЗА 100000 РУБЛЕЙ / ПЕЧАТНАЯ МАШИНКА ОТ APPLE!,2017-01-12 07:48:13,281799,13224,5402,0,2548,621
313,[Hi-TECH],КАК КУПИТЬ Б/У КОМПЬЮТЕР НА АВИТО / ПК С АВИТО?,2016-12-19 11:39:51,430091,14058,1900,0,1158,11
314,[Hi-TECH],КАК НАГИБАТЬ С ИГРОВОЙ МЫШКОЙ / ИГРОВАЯ МЫШЬ ДЛЯ CS:GO,2016-11-24 16:26:09,237794,6350,1151,0,2215,604
315,[Hi-TECH],КОНСОЛЬ ИЛИ ПК / ПК-БОЯРЕ ИЛИ СОСНОЛЬЩИКИ,2016-10-20 12:26:04,210685,9400,4133,0,5259,649
316,[Hi-TECH],ИГРОВОЙ РУЛЬ ДЛЯ ПК DEFENDER FORSAGE SPORT / РУЛИТЬ УЖЕ НЕ МОДНО?!,2016-09-03 07:59:49,63901,1314,301,0,189,613
317,[Hi-TECH],Собрать игровой компьютер 2016,2015-03-17 02:26:53,27356,874,67,0,90,2189
